,City,Lat,Lng,Max Temp,Humidity,Cloudiness,Wind Speed,Country,Date
0,Arraial do Cabo,-22.97,-42.03,71.6,88,75,9.17,BR,1600212772
1,São Filipe,14.9,-24.5,79.86,82,68,6.35,CV,1600212895
2,Pilot Butte,50.47,-104.42,59.0,58,90,17.22,CA,1600212896
3,Yellowknife,62.46,-114.35,37.99,29,20,10.29,CA,1600212898
4,Jamestown,42.1,-79.24,60.01,67,1,5.82,US,1600212861
5,Salamanca,40.83,-6.0,60.01,87,67,3.24,ES,1600212900
6,Ilulissat,69.22,-51.1,42.8,70,100,16.11,GL,1600212902
7,Puerto Ayora,-0.74,-90.35,68.0,89,72,5.99,EC,1600212903
8,Olinda,-8.01,-34.86,78.8,74,40,11.41,BR,1600212905
9,Barrow,71.29,-156.79,35.6,86,90,27.51,US,1600212906
10,Tuktoyaktuk,69.45,-133.04,39.2,77,40,9.17,CA,1600212907
11,Busselton,-33.65,115.33,53.01,77,36,10.96,AU,1600212909
12,Segezha,63.74,34.32,41.85,92,13,5.39,RU,1600212910
13,Road Town,18.42,-64.62,84.2,79,40,6.93,VG,1600212911
14,Butaritari,3.07,172.79,83.52,73,81,16.82,KI,1600212913
15,Leh,34.17,77.58,47.66,48,0,4.07,IN,1600212914
16,Punta Arenas,-53.15,-70.92,37.4,64,20,5.82,CL,1600212915
17,Mataura,-46.19,168.86,51.01,81,100,11.99,NZ,1600212916
18,Tocopilla,-22.09,-70.2,63.45,55,18,11.16,CL,1600212918
19,Flinders,-34.58,150.86,66.99,80,0,7.0,AU,1600212919
20,Djebeniana,35.03,10.91,75.2,83,0,6.93,TN,1600212920
21,Ambilobe,-13.2,49.05,67.51,81,57,6.11,MG,1600212921
22,Qaanaaq,77.48,-69.36,19.58,78,0,6.08,GL,1600212923
23,Grindavik,63.84,-22.43,39.2,86,100,11.41,IS,1600212924
24,Shar,49.59,81.05,63.18,43,97,16.08,KZ,1600212925
25,Kununurra,-15.77,128.73,80.6,65,64,6.93,AU,1600212781
26,Pangnirtung,66.15,-65.71,42.8,52,40,10.29,CA,1600212928
27,Hong Kong,22.29,114.16,82.99,88,7,11.01,HK,1600212929
28,Broken Hill,-31.95,141.43,69.8,22,41,12.75,AU,1600212930
29,Aklavik,68.22,-135.01,44.6,70,75,13.87,CA,1600212931
30,Port Alfred,-33.59,26.89,58.59,82,78,11.77,ZA,1600212933
31,Saint-Philippe,-21.36,55.77,66.2,59,75,9.17,RE,1600212934
32,Sinnamary,5.38,-52.95,78.17,87,54,6.76,GF,1600212935
33,George Town,5.41,100.34,77.0,88,20,2.24,MY,1600212936
34,Rafai,4.95,23.92,68.61,99,100,2.71,CF,1600212938
35,Kyra,49.58,111.98,46.6,83,100,7.63,RU,1600212939
36,Clyde River,70.47,-68.59,33.8,86,90,12.75,CA,1600212940
37,Rikitea,-23.12,-134.97,73.98,72,7,4.25,PF,1600212942
38,Nueva Rosita,27.95,-101.22,87.01,46,42,1.99,MX,1600212943
39,New Norfolk,-42.78,147.06,54.0,65,100,5.01,AU,1600212944
40,Ranong,9.97,98.63,77.0,94,40,5.68,TH,1600212945
41,Hilo,19.73,-155.09,84.2,62,40,9.17,US,1600212947
42,Ushuaia,-54.8,-68.3,35.6,69,40,32.21,AR,1600212812
43,Hermanus,-34.42,19.23,43.0,94,20,8.46,ZA,1600212949
44,Srīvardhan,18.03,73.02,77.07,91,100,1.81,IN,1600212950
45,Nikolskoye,59.7,30.79,45.0,93,97,2.24,RU,1600212952
46,Provideniya,64.38,-173.3,50.0,81,75,8.95,RU,1600212953
47,Novy Urengoy,66.08,76.63,46.89,90,71,10.63,RU,1600212954
48,Shingū,33.73,135.98,75.2,78,75,2.24,JP,1600212955
49,Richards Bay,-28.78,32.04,65.52,78,100,7.72,ZA,1600212957
50,Faanui,-16.48,-151.75,78.19,76,1,14.34,PF,1600212958
51,Barra dos Coqueiros,-10.91,-37.04,78.8,74,40,12.75,BR,1600212959
52,Norman Wells,65.28,-126.83,50.0,57,20,11.41,CA,1600212961
53,Antalya Province,36.77,30.72,77.0,69,0,3.36,TR,1600212749
54,Barraute,48.43,-77.63,46.0,93,90,11.41,CA,1600212691
55,Nelson Bay,-32.72,152.15,71.01,72,5,6.93,AU,1600212964
56,La Asuncion,11.03,-63.86,81.79,84,92,10.8,VE,1600212966
57,Megion,61.03,76.11,48.2,76,38,8.95,RU,1600212967
58,Denpasar,-8.65,115.22,75.2,100,40,5.82,ID,1600212968
59,Kachīry,53.07,76.1,56.97,69,100,11.7,KZ,1600212970
60,Parabel',58.7,81.48,46.99,94,37,11.1,RU,1600212971
61,Shelburne,44.08,-80.2,62.6,63,20,13.87,CA,1600212972
62,Khani,41.96,42.96,69.8,100,75,3.36,GE,1600212974
63,Albany,42.6,-73.97,55.0,65,41,2.93,US,1600212943
64,Amudat,1.95,34.95,71.74,57,50,2.44,UG,1600212976
65,Zhigansk,66.77,123.37,45.03,75,0,9.22,RU,1600212978
66,Avarua,-21.21,-159.78,77.0,69,74,16.11,CK,1600212870
67,Jinchang,38.5,102.17,56.48,33,48,2.62,CN,1600212980
68,Fethiye,36.62,29.12,77.0,78,0,3.36,TR,1600212981
69,Atuona,-9.8,-139.03,78.53,74,8,17.43,PF,1600212983
70,Alofi,-19.06,-169.92,78.8,69,75,23.04,NU,1600212984
71,Kapaa,22.08,-159.32,87.8,58,75,10.29,US,1600212985
72,Sabang,5.89,95.32,82.9,71,99,16.93,ID,1600212987
73,Alpine,32.84,-116.77,97.0,19,0,5.99,US,1600212988
74,Acapulco de Juárez,16.86,-99.89,84.2,79,75,6.93,MX,1600212989
75,Carnarvon,-24.87,113.63,66.2,93,0,18.34,AU,1600212991
76,Semey,50.41,80.23,66.2,39,100,17.9,KZ,1600212992
77,Tiksi,71.69,128.87,42.19,82,25,1.05,RU,1600212994
78,Kamenka,51.32,42.77,54.0,82,14,10.71,RU,1600212995
79,Port Hardy,50.7,-127.42,69.8,64,90,10.29,CA,1600212996
80,Beyneu,45.32,55.2,62.74,48,57,14.47,KZ,1600212997
81,Mujiayingzi,42.12,118.78,51.06,61,0,17.29,CN,1600212999
82,Ikom,5.97,8.71,73.27,97,100,2.64,NG,1600213000
83,Hamilton,39.18,-84.53,70.0,56,1,4.7,US,1600213001
84,Yerbogachën,61.28,108.01,47.61,74,47,0.38,RU,1600213003
85,Iquique,-20.22,-70.14,60.8,77,90,11.41,CL,1600212930
86,Saint-Augustin,51.23,-58.65,46.87,54,29,10.0,CA,1600213005
87,Birnin Kebbi,12.45,4.2,78.69,80,99,3.47,NG,1600213007
88,Marsá Maţrūḩ,31.35,27.25,75.2,78,40,5.82,EG,1600213008
89,Rafrāf,37.19,10.18,73.4,88,40,6.93,TN,1600213009
90,Palmer,42.16,-72.33,57.2,62,90,3.36,US,1600213011
91,Kruisfontein,-34.0,24.73,50.0,91,0,1.99,ZA,1600213012
92,Hithadhoo,-0.6,73.08,81.48,71,75,7.9,MV,1600213013
93,Iqaluit,63.75,-68.51,35.6,81,75,8.05,CA,1600213015
94,Lebu,-37.62,-73.65,50.09,95,100,2.44,CL,1600213016
95,Goundi,9.36,17.37,72.3,97,63,1.43,TD,1600213017
96,Cape Town,-33.93,18.42,50.0,87,4,4.7,ZA,1600212876
97,Kupang,-10.17,123.58,80.6,57,20,11.41,ID,1600212869
98,Ponta Delgada,37.73,-25.67,62.6,63,20,3.36,PT,1600213021
99,Vaini,-21.2,-175.2,77.0,78,20,12.75,TO,1600213023
100,Adwa,14.16,38.9,59.5,85,2,0.36,ET,1600213024
101,Alice Springs,-23.7,133.88,75.2,25,0,12.75,AU,1600212812
102,Nabire,-3.37,135.48,82.47,70,100,3.56,ID,1600213026
103,Bredasdorp,-34.53,20.04,50.0,81,10,5.82,ZA,1600213028
104,Nuuk,64.18,-51.72,42.8,93,82,8.05,GL,1600212862
105,Dikson,73.51,80.55,42.64,94,97,18.88,RU,1600213030
106,Tura,25.52,90.22,73.53,98,100,3.94,IN,1600213032
107,Khatanga,71.97,102.5,47.98,83,100,6.26,RU,1600213033
108,Rocha,-34.48,-54.33,50.02,79,68,7.99,UY,1600213034
109,Chacabuco,-34.64,-60.47,50.0,64,77,3.0,AR,1600212752
110,Kerema,-7.96,145.78,82.54,74,41,3.27,PG,1600213037
111,Chokurdakh,70.63,147.92,40.21,71,98,8.08,RU,1600213038
112,Sattahip,12.67,100.9,78.8,94,20,4.7,TH,1600213040
113,Gīdam,18.98,81.4,73.29,93,67,0.22,IN,1600213041
114,Airai,-8.93,125.41,68.7,45,38,4.43,TL,1600213042
115,Makakilo City,21.35,-158.09,87.8,55,1,10.29,US,1600212927
116,Nanortalik,60.14,-45.24,43.79,89,100,20.02,GL,1600213045
117,Valparaíso,-33.04,-71.63,54.0,81,90,6.93,CL,1600212981
118,Kendallville,41.44,-85.27,66.2,63,0,3.36,US,1600213047
119,Ous,60.91,61.52,48.88,97,100,10.31,RU,1600213049
120,Saint Paul Harbor,57.79,-152.41,56.28,90,90,10.56,US,1600213050
121,Taiobeiras,-15.81,-42.23,67.6,78,32,7.67,BR,1600213052
122,Port Elizabeth,-33.92,25.57,59.0,77,75,6.93,ZA,1600213053
123,Río Gallegos,-51.62,-69.22,39.2,51,20,14.99,AR,1600213054
124,Vokhma,58.93,46.76,44.96,92,71,8.7,RU,1600213056
125,Upernavik,72.79,-56.15,27.57,86,5,11.05,GL,1600213057
126,Huaihua,27.55,109.96,68.05,93,100,2.95,CN,1600213058
127,Severo-Kuril'sk,50.68,156.12,55.8,63,66,12.77,RU,1600213060
128,Līsakovsk,52.54,62.49,47.23,71,95,22.75,KZ,1600213061
129,Castro,-24.79,-50.01,56.03,84,71,6.6,BR,1600212912
130,Lavrentiya,65.58,-171.0,45.84,85,94,15.66,RU,1600213063
131,Trofors,65.53,13.41,46.4,81,100,6.93,NO,1600213065
132,Portland,45.52,-122.68,77.0,56,90,6.02,US,1600212828
133,Pevek,69.7,170.31,42.51,81,99,4.9,RU,1600213068
134,Chui,-33.7,-53.46,50.5,85,54,3.71,UY,1600213069
135,Leningradskiy,69.38,178.42,38.57,88,100,8.68,RU,1600213070
136,Wanning,18.8,110.4,82.9,77,75,1.63,CN,1600213072
137,Rafaela,-31.25,-61.49,55.0,55,38,1.99,AR,1600213073
138,Bluff,-46.6,168.33,51.01,81,100,11.99,NZ,1600213074
139,Faya,18.39,42.45,66.2,72,56,0.58,SA,1600213076
140,Ouadda,8.08,22.4,67.62,92,92,3.33,CF,1600213077
141,Axum,14.12,38.72,56.57,92,5,1.03,ET,1600213079
142,Cidreira,-30.18,-50.21,59.94,85,100,22.28,BR,1600213080
143,Ribeira Grande,38.52,-28.7,66.02,61,61,14.14,PT,1600213081
144,Santarém,-2.44,-54.71,80.6,88,87,1.05,BR,1600212800
145,Srednekolymsk,67.45,153.68,43.5,79,100,6.82,RU,1600213084
146,Nichinan,31.6,131.37,73.4,88,75,3.36,JP,1600212884
147,Safaga,26.73,33.94,86.0,42,0,9.17,EG,1600213086
148,Port Blair,11.67,92.75,82.44,77,84,13.44,IN,1600213087
149,Kimbe,-5.55,150.14,89.1,55,59,5.44,PG,1600213089
150,Quatre Cocos,-20.21,57.76,69.01,64,75,10.29,MU,1600213090
151,Flin Flon,54.77,-101.86,51.8,57,75,9.17,CA,1600213091
152,Timrå,62.49,17.33,52.0,93,100,12.75,SE,1600213093
153,Pascagoula,30.37,-88.56,78.8,83,90,21.92,US,1600213094
154,Meulaboh,4.14,96.13,75.92,85,83,4.38,ID,1600213095
155,Mount Gambier,-37.83,140.77,53.6,81,75,9.17,AU,1600213097
156,Port Augusta,-32.5,137.77,70.0,35,75,1.01,AU,1600213098
157,Fort Nelson,58.81,-122.7,57.2,44,40,8.05,CA,1600213099
158,Hobart,-42.88,147.33,54.0,62,75,12.17,AU,1600212942
159,Katsuura,35.13,140.3,75.0,85,93,1.99,JP,1600213102
160,Abu Dhabi,24.47,54.37,87.8,62,0,4.7,AE,1600213103
161,Bengkulu,-3.8,102.27,75.27,87,81,3.47,ID,1600212896
162,Chiang Klang,19.29,100.86,77.0,94,75,0.56,TH,1600213106
163,Saint George,37.1,-113.58,99.0,6,1,5.82,US,1600213107
164,Maceo,6.55,-74.79,68.43,98,100,1.1,CO,1600213108
165,Jumla,29.27,82.18,56.1,68,91,1.57,NP,1600213110
166,Yumen,40.28,97.2,58.37,28,100,8.84,CN,1600213111
167,Wattegama,6.8,81.48,77.04,77,71,8.72,LK,1600213112
168,Anadyr,64.75,177.48,46.4,87,40,11.18,RU,1600213114
169,Half Moon Bay,37.46,-122.43,75.99,72,1,13.87,US,1600213115
170,East London,-33.02,27.91,61.12,81,100,10.13,ZA,1600213116
171,Arona,28.1,-16.68,79.0,78,20,24.16,ES,1600213118
172,Saryg-Sep,51.5,95.6,40.28,83,2,3.11,RU,1600213119
173,Torbay,47.67,-52.73,52.0,76,90,12.75,CA,1600212907
174,Mana,5.66,-53.78,78.48,87,90,6.22,GF,1600213121
175,Montego Bay,18.47,-77.92,86.0,74,40,6.93,JM,1600213123
176,Fortuna,40.6,-124.16,79.0,57,20,12.75,US,1600212860
177,Penzance,50.12,-5.54,59.0,100,90,8.05,GB,1600213125
178,Sambava,-14.27,50.17,68.25,81,77,12.44,MG,1600213126
179,Kavaratti,10.57,72.64,81.61,81,84,18.79,IN,1600213128
180,Lethem,3.38,-59.8,78.17,79,92,2.19,GY,1600213129
181,Plettenberg Bay,-34.05,23.37,52.59,76,1,5.39,ZA,1600213130
182,Samarkand,39.65,66.96,57.2,54,0,4.7,UZ,1600213132
183,Ulaangom,49.98,92.07,44.35,64,0,1.54,MN,1600213133
184,Nísia Floresta,-6.09,-35.21,77.0,83,40,12.75,BR,1600213134
185,Guilin,25.28,110.29,75.2,100,75,2.62,CN,1600213060
186,Gwembe,-16.5,27.61,67.24,35,4,2.8,ZM,1600213137
187,St. George's,12.06,-61.75,84.2,79,20,9.75,GD,1600213138
188,Krasnorechenskiy,44.63,135.35,63.54,81,68,0.2,RU,1600213140
189,Gornopravdinsk,60.05,69.9,53.44,78,100,11.34,RU,1600213141
190,Kavieng,-2.57,150.8,84.15,77,90,16.87,PG,1600213142
191,Inuvik,68.35,-133.72,41.0,75,90,10.29,CA,1600213144
192,Viedma,-40.81,-63.0,48.0,79,95,15.35,AR,1600213145
193,Aksha,50.28,113.29,47.97,83,100,5.35,RU,1600213146
194,Cherskiy,68.75,161.3,43.72,75,96,2.42,RU,1600213148
195,Manitouwadge,49.12,-85.84,52.16,97,100,5.93,CA,1600213149
196,Carutapera,-1.2,-46.02,77.77,84,76,8.14,BR,1600213150
197,Upington,-28.45,21.26,51.8,25,0,8.05,ZA,1600213152
198,Khanbari,27.37,87.2,69.37,68,97,1.72,NP,1600213153
199,Jasdan,22.03,71.2,82.0,10,73,10.29,IN,1600213154
200,Mar del Plata,-38.0,-57.56,57.2,44,46,8.05,AR,1600213155
201,Misratah,32.38,15.09,78.44,73,23,16.51,LY,1600213157
202,Pochutla,15.74,-96.47,82.99,81,97,0.49,MX,1600213158
203,Rawson,-43.3,-65.1,47.55,54,47,12.77,AR,1600213160
204,Thompson,55.74,-97.86,51.8,43,40,20.8,CA,1600213161
205,Aswān,24.09,32.91,85.64,24,0,12.1,EG,1600213162
206,Lagoa,39.05,-27.98,65.48,67,49,18.54,PT,1600213164
207,Vodnyy,63.5,53.41,41.61,96,95,4.27,RU,1600213165
208,Klaksvík,62.23,-6.59,44.6,93,29,3.94,FO,1600213166
209,San Cristobal,7.77,-72.22,80.6,69,75,5.82,VE,1600213168
210,Baykit,61.67,96.37,47.39,83,93,3.11,RU,1600213169
211,Puerto Carreño,6.19,-67.49,80.6,83,40,17.22,CO,1600213170
212,Honiara,-9.43,159.95,86.0,79,75,13.87,SB,1600213172
213,Saskylakh,71.92,114.08,47.64,72,89,6.13,RU,1600213173
214,Sioux Lookout,50.1,-91.92,59.0,67,90,5.82,CA,1600213174
215,Fairbanks,64.84,-147.72,60.8,41,75,3.36,US,1600213047
216,Ponta do Sol,32.67,-17.1,75.2,69,40,2.24,PT,1600213177
217,Arrifes,37.77,-25.7,62.6,63,20,3.36,PT,1600213178
218,Puli,23.97,120.97,86.0,83,20,1.07,TW,1600213179
219,Ancud,-41.87,-73.82,48.0,76,91,5.48,CL,1600213181
220,Lompoc,34.64,-120.46,75.0,64,1,13.87,US,1600213011
221,Gilbués,-9.83,-45.34,79.41,38,48,5.68,BR,1600213183
222,Nyimba,-14.56,30.81,73.9,36,28,4.27,ZM,1600213185
223,Lebyazh'ye,55.27,66.49,42.73,97,22,5.32,RU,1600213186
224,Kargasok,59.06,80.86,46.94,93,29,12.57,RU,1600213187
225,Benguela,-12.58,13.41,70.92,81,84,4.56,AO,1600213189
226,Asău,46.43,26.4,55.0,95,84,2.35,RO,1600213190
227,Kirakira,-10.45,161.92,82.94,77,54,16.24,SB,1600213191
228,Vagay,57.94,69.02,52.52,87,99,9.01,RU,1600213193
229,Ostrovnoy,68.05,39.51,43.75,81,100,12.73,RU,1600213194
230,Ngama,11.78,17.17,75.99,76,34,5.61,TD,1600213195
231,Chapais,49.78,-74.85,48.2,70,90,9.17,CA,1600213197
232,Øksfjord,70.24,22.35,44.6,93,99,4.7,NO,1600213198
233,Te Anau,-45.42,167.72,46.72,87,100,9.13,NZ,1600213199
234,Los Llanos de Aridane,28.66,-17.92,75.2,83,100,14.99,ES,1600213201
235,Guánica,17.97,-66.91,82.99,77,4,7.43,PR,1600213203
236,Tasiilaq,65.61,-37.64,33.8,97,100,33.33,GL,1600213204
237,La Plaine,15.33,-61.25,82.4,88,40,3.36,DM,1600213206
238,Namatanai,-3.67,152.43,81.14,82,100,11.5,PG,1600213207
239,Dunhua,43.37,128.24,52.93,95,99,7.7,CN,1600213209
240,Novoorsk,51.38,58.98,42.8,93,10,15.66,RU,1600213210
241,Srednebelaya,50.66,128.01,48.2,100,90,2.24,RU,1600213212
242,Tyukhtet,56.54,89.3,48.67,85,97,7.83,RU,1600213213
243,Kentau,43.52,68.51,58.96,40,6,5.86,KZ,1600213214
244,Soure,-0.72,-48.52,80.83,81,20,14.27,BR,1600213216
245,Atambua,-9.11,124.89,79.14,51,94,4.03,ID,1600213217
246,Gulf Gate Estates,27.25,-82.51,84.2,83,1,3.36,US,1600213218
247,Vila Franca do Campo,37.72,-25.43,62.6,63,20,3.36,PT,1600213220
248,Shangzhi,45.22,127.97,58.98,84,100,1.23,CN,1600213221
249,Egvekinot,66.32,-179.17,43.88,79,98,19.84,RU,1600213223
250,Kudahuvadhoo,2.67,72.89,82.2,78,97,7.99,MV,1600213224
251,Poum,-20.23,164.02,72.88,70,99,15.59,NC,1600213225
252,Gijang,35.24,129.21,71.6,83,75,2.24,KR,1600213227
253,Mahébourg,-20.41,57.7,68.0,64,75,10.29,MU,1600213228
254,Mayskiy,47.69,40.1,59.0,62,0,8.95,RU,1600213229
255,Matara,5.95,80.54,77.74,89,39,10.09,LK,1600213231
256,Tuy Hoa,13.08,109.3,79.7,80,86,9.51,VN,1600213232
257,San Patricio,19.22,-104.7,86.0,74,90,17.22,MX,1600213234
258,Howard Springs,-12.5,131.05,84.0,65,40,4.7,AU,1600213235
259,Salt,32.04,35.73,78.8,54,0,1.05,JO,1600213236
260,West Wendover,40.74,-114.07,91.4,9,1,9.17,US,1600213238
261,Kaitangata,-46.28,169.85,49.24,81,70,20.11,NZ,1600213239
262,Esim,4.87,-2.24,75.31,89,100,11.83,GH,1600213240
263,Bangolo,7.01,-7.47,71.38,97,28,3.2,CI,1600213242
264,Port Macquarie,-31.43,152.92,69.01,72,12,5.01,AU,1600213186
265,Maniitsoq,65.42,-52.9,44.15,78,99,10.67,GL,1600213244
266,Vänersborg,58.38,12.32,55.99,100,14,4.7,SE,1600213246
267,Broome,42.25,-75.83,57.2,50,1,3.36,US,1600213247
268,Cockburn Town,21.46,-71.14,84.2,74,40,6.93,TC,1600213248
269,Manaure,11.78,-72.44,87.73,64,34,12.01,CO,1600213250
270,Ullal,12.8,74.85,73.4,100,75,4.7,IN,1600213251
271,Saint-Pierre,-21.34,55.48,66.2,59,75,9.17,RE,1600213253
272,Khandagayty,50.73,92.05,40.6,70,1,0.96,RU,1600213254
273,Trelew,-43.25,-65.31,47.66,51,46,11.92,AR,1600213256
274,Daru,-9.08,143.21,78.87,84,71,18.66,PG,1600213257
275,Hasaki,35.73,140.83,75.0,94,75,6.93,JP,1600213258
276,Henties Bay,-22.12,14.28,52.0,86,0,1.99,NA,1600213260
277,Brotas,-22.28,-48.13,70.27,62,3,11.65,BR,1600213261
278,Philadelphia,39.95,-75.16,64.99,45,75,3.36,US,1600213227
279,Hofn,64.25,-15.21,48.9,61,33,3.94,IS,1600213264
280,Waingapu,-9.66,120.26,80.37,65,90,10.74,ID,1600213265
281,Constitución,-35.33,-72.42,52.32,87,100,3.94,CL,1600213086
282,Nehe,48.48,124.83,57.09,87,100,14.97,CN,1600213268
283,Sulangan,11.14,123.72,80.67,87,100,28.43,PH,1600213206
284,Naples,40.83,14.25,77.0,69,40,5.82,IT,1600213125
285,Saint-Joseph,-21.37,55.62,66.2,59,75,9.17,RE,1600213271
286,La Ronge,55.1,-105.28,50.0,61,75,16.11,CA,1600213273
287,Haines Junction,60.75,-137.51,60.08,34,74,3.96,CA,1600213274
288,Kalevala,65.2,31.17,41.31,88,82,1.34,RU,1600213275
289,Manzhouli,49.6,117.43,54.72,49,100,20.94,CN,1600213277
290,Caraballeda,10.61,-66.85,80.56,75,25,9.1,VE,1600213278
291,Cayenne,4.93,-52.33,78.8,94,75,3.36,GF,1600213279
292,Aldan,58.6,125.39,43.83,76,99,4.85,RU,1600213281
293,Truth or Consequences,33.13,-107.25,84.2,20,1,8.05,US,1600213282
294,Kloulklubed,7.04,134.26,82.4,83,75,5.82,PW,1600213283
295,Fujieda,34.87,138.27,71.6,100,75,3.36,JP,1600213285
296,Plouzané,48.38,-4.62,59.0,93,90,4.7,FR,1600213286
297,Xuanwu,32.07,118.81,75.99,100,15,2.24,CN,1600213287
298,Ambon City,-3.7,128.18,77.0,94,75,4.7,ID,1600213289
299,Aragarças,-15.9,-52.25,81.1,23,0,0.13,BR,1600213290
300,Yulara,-25.24,130.99,71.6,28,40,9.17,AU,1600213291
301,Ahipara,-35.17,173.17,61.18,68,34,11.86,NZ,1600213293
302,Dergachi,51.23,48.77,48.88,75,1,12.88,RU,1600213294
303,Ucluelet,48.93,-125.55,66.0,93,90,5.21,CA,1600213065
304,Acuitzio,20.34,-101.98,70.38,81,26,2.55,MX,1600213296
305,Sur,22.57,59.53,80.53,62,100,5.66,OM,1600213298
306,Karasjok,69.47,25.51,39.2,100,54,5.82,NO,1600213299
307,Jining,35.41,116.58,73.0,1,24,1.79,CN,1600213300
308,Tuatapere,-46.13,167.68,51.01,81,100,11.99,NZ,1600213302
309,Salalah,17.02,54.09,80.6,88,40,4.7,OM,1600213303
310,Valdivia,-39.81,-73.25,51.8,100,90,1.12,CL,1600213295
311,Udalguri,26.77,92.13,75.02,91,88,3.22,IN,1600213305
312,Channel-Port aux Basques,47.57,-59.14,50.63,74,0,18.37,CA,1600213307
313,Fügen,47.35,11.85,60.01,79,5,3.33,AT,1600213308
314,Zamora,-4.07,-78.96,67.26,69,36,1.36,EC,1600213309
315,Geraldton,-28.77,114.6,64.4,72,90,11.41,AU,1600213311
316,Husavik,66.04,-17.34,41.0,80,40,4.7,IS,1600213312
317,Khawhai,23.37,93.12,62.15,100,100,1.32,IN,1600213313
318,Felanitx,39.47,3.15,71.6,94,20,1.01,ES,1600213315
319,Tūkrah,32.53,20.58,83.12,49,73,16.96,LY,1600213316
320,Fuerte Olimpo,-21.04,-57.87,77.38,46,17,3.24,PY,1600213318
321,São João da Barra,-21.64,-41.05,72.0,88,11,8.72,BR,1600213319
322,Souillac,-20.52,57.52,68.0,64,75,10.29,MU,1600213320
323,Powell River,49.85,-124.54,66.2,77,90,8.05,CA,1600213322
324,Forsytheganj,52.63,29.73,56.77,93,44,2.89,BY,1600213323
325,Taos,36.41,-105.57,78.8,12,20,2.1,US,1600213325
326,Lawton,34.61,-98.39,84.2,54,1,4.7,US,1600213326
327,Bambous Virieux,-20.34,57.76,69.01,64,75,10.29,MU,1600213328
328,Dwārka,22.24,68.97,82.0,80,67,11.1,IN,1600213329
329,Juruti,-2.15,-56.09,85.69,44,99,2.77,BR,1600213330
330,Cairns,-16.92,145.77,78.01,73,40,12.75,AU,1600213332
331,Korla,41.76,86.15,66.99,75,0,7.87,CN,1600213333
332,Port Pirie,-33.18,138.02,71.24,31,93,13.0,AU,1600213304
333,Shache,38.42,77.24,61.52,36,0,7.54,CN,1600213336
334,Babynino,54.39,35.73,46.4,93,28,4.47,RU,1600213337
335,Kinkala,-4.36,14.76,73.96,75,97,6.73,CG,1600213338
336,Shimoda,34.67,138.95,71.6,100,75,8.05,JP,1600213340
337,Cedral,23.8,-100.73,73.15,54,81,11.65,MX,1600213341
338,Kapuskasing,49.42,-82.43,48.2,100,90,4.7,CA,1600213342
339,Padang,-0.95,100.35,78.91,73,100,1.95,ID,1600213344
340,Bethel,41.37,-73.41,57.99,67,1,4.7,US,1600213345
341,College,64.86,-147.8,60.8,44,75,4.7,US,1600213346
342,Caravelas,-17.71,-39.25,72.12,91,0,5.08,BR,1600213348
343,Blackfoot,43.19,-112.34,86.0,8,0,1.99,US,1600213349
344,Nome,64.5,-165.41,50.0,93,90,23.04,US,1600213350
345,Takoradze,4.88,-1.76,74.97,90,98,10.27,GH,1600213352
346,Taltal,-25.4,-70.48,55.98,74,22,5.01,CL,1600213353
347,Lüderitz,-26.65,15.16,53.47,73,0,14.58,NA,1600213354
348,Okoneshnikovo,54.84,75.08,54.18,87,100,10.51,RU,1600213356
349,Odienné,9.51,-7.57,72.91,88,36,0.92,CI,1600213357
350,Tateyama,34.98,139.87,75.0,100,75,8.05,JP,1600213359
351,Talcahuano,-36.72,-73.12,55.4,82,90,6.93,CL,1600213279
352,Cvikov,50.78,14.63,69.01,78,23,1.01,CZ,1600213361
353,North Bend,43.41,-124.22,77.0,73,20,12.75,US,1600213362
354,Freeport,40.66,-73.58,62.01,63,1,6.93,US,1600213364
355,Chumikan,54.72,135.31,54.73,84,90,4.14,RU,1600213365
356,Kangaatsiaq,68.31,-53.46,40.77,75,100,4.94,GL,1600213367
357,Serenje,-13.23,30.24,64.54,42,5,5.79,ZM,1600213368
358,The Valley,18.22,-63.06,84.2,79,40,8.05,AI,1600213147
359,Laibin,23.7,109.27,80.62,83,47,2.75,CN,1600213371
360,Las Vegas,36.17,-115.14,100.4,10,1,5.82,US,1600213122
361,Seoul,37.57,126.98,73.4,78,90,6.33,KR,1600213373
362,Bosobolo,4.18,19.9,69.19,97,100,2.77,CD,1600213375
363,Cabo San Lucas,22.89,-109.91,89.01,79,20,17.22,MX,1600213108
364,Ntcheu,-14.82,34.64,67.82,45,4,1.77,MW,1600213377
365,Giddalūr,15.35,78.92,73.99,89,97,10.83,IN,1600213379
366,Naryan-Mar,67.67,53.09,46.04,86,92,13.4,RU,1600213380
367,Chegdomyn,51.12,133.02,56.91,88,76,1.68,RU,1600213381
368,Pontal do Paraná,-25.65,-48.51,53.6,93,90,4.7,BR,1600213383
369,Price,39.6,-110.81,84.2,9,1,8.05,US,1600213384
370,Udachny,66.42,112.4,46.4,81,8,2.24,RU,1600213385
371,Talnakh,69.49,88.4,53.6,71,100,13.42,RU,1600213387
372,Cervo,43.67,-7.41,63.0,1,32,4.14,ES,1600213388
373,Somerset,40.57,-74.55,57.99,87,1,3.96,US,1600213232
374,Olbia,40.92,9.49,68.0,88,24,4.7,IT,1600213390
375,San Ramon,37.78,-121.98,88.0,29,1,8.05,US,1600213204
376,Tilichiki,60.47,166.1,48.09,68,24,8.7,RU,1600213393
377,Boquira,-12.82,-42.73,71.69,49,17,5.1,BR,1600213394
378,La Rioja,42.25,-2.5,66.2,72,99,2.24,ES,1600213396
379,Santa Maria da Vitória,-13.39,-44.19,78.73,40,0,7.87,BR,1600213397
380,Pozo Colorado,-23.49,-58.8,75.13,52,100,4.5,PY,1600213398
381,Sirte,31.21,16.59,76.93,76,25,12.57,LY,1600213400
382,Hobyo,5.35,48.53,76.98,85,1,20.38,SO,1600213401
383,Nhamundá,-2.19,-56.71,86.83,41,100,2.68,BR,1600213402
384,Beneditinos,-5.45,-42.37,87.8,40,55,3.36,BR,1600213404
385,Mombetsu,44.35,143.35,66.0,74,94,8.01,JP,1600213405
386,Saldanha,-33.01,17.94,42.8,75,0,2.24,ZA,1600213407
387,Opuwo,-18.06,13.84,52.97,42,0,1.52,NA,1600213408
388,Rhymney,51.76,-3.29,62.01,90,27,5.46,GB,1600213409
389,Ambulu,-8.35,113.61,75.69,75,79,1.16,ID,1600213411
390,Orange,33.7,-117.77,91.0,40,0,1.99,US,1600213412
391,Kiunga,-6.12,141.29,77.09,92,99,4.05,PG,1600213413
392,Yekaterinovka,52.05,44.35,47.12,83,21,11.07,RU,1600213415
393,Lere,10.39,8.57,69.46,92,98,3.49,NG,1600213416
394,Wajima,37.4,136.9,71.6,88,75,2.24,JP,1600213417
395,Negara,-8.32,114.6,77.02,75,83,4.29,ID,1600213419
396,Oranjemund,-28.55,16.43,53.33,88,0,4.47,NA,1600213420
397,Smithers,54.78,-127.17,64.4,48,40,6.93,CA,1600213421
398,Nouadhibou,20.93,-17.03,77.43,74,0,11.81,MR,1600213423
399,Nipawin,53.37,-104.0,50.0,87,90,13.87,CA,1600213424
400,Alma,48.55,-71.65,51.8,66,90,5.82,CA,1600213425
401,Guerrero Negro,27.98,-114.06,83.62,41,0,16.22,MX,1600213136
402,Maputo,-25.97,32.59,69.12,90,72,2.01,MZ,1600213428
403,Bandarbeyla,9.49,50.81,78.85,73,33,21.79,SO,1600213429
404,Laguna,38.42,-121.42,93.0,22,1,7.07,US,1600213430
405,Koungou,-12.73,45.2,73.4,78,20,3.36,YT,1600213432
406,Zhangjiakou,40.81,114.88,51.71,49,0,17.0,CN,1600213433
407,Doha,25.29,51.53,91.0,70,0,2.24,QA,1600213259
408,Częstochowa,50.8,19.12,63.0,93,52,1.12,PL,1600213435
409,Lata,40.16,-8.33,62.01,80,8,1.01,PT,1600213437
410,Hunterville,-39.93,175.57,57.99,66,5,14.0,NZ,1600213438
411,Natal,-5.79,-35.21,77.0,83,40,12.75,BR,1600213439
412,Brisbane,-27.47,153.03,73.0,64,75,6.93,AU,1600213441
413,Nadym,65.53,72.52,49.39,90,100,10.56,RU,1600213442
414,Zhangye,38.93,100.45,56.57,34,68,1.01,CN,1600213444
415,Sitka,57.05,-135.33,57.2,62,20,5.82,US,1600213346
416,Taoudenni,22.68,-3.98,100.85,11,0,16.35,ML,1600213446
417,Polunochnoye,60.87,60.42,47.64,97,100,9.46,RU,1600213448
418,Pedasí,7.53,-80.03,80.76,82,70,12.33,PA,1600213449
419,Khovd,48.01,91.64,46.22,53,84,0.38,MN,1600213450
420,Lonevåg,60.53,5.49,55.99,95,100,3.0,NO,1600213452
421,Krasnosel'kup,65.7,82.47,47.66,89,1,11.39,RU,1600213453
422,Sovetskiy,61.36,63.58,50.25,88,100,10.45,RU,1600213454
423,Abū Zabad,12.35,29.25,76.8,75,61,8.93,SD,1600213455
424,Conde,-7.26,-34.91,75.2,88,7,9.17,BR,1600213457
425,Linxia Chengguanzhen,35.6,103.21,54.45,59,100,2.48,CN,1600213458
426,Mīrābād,30.44,61.84,67.05,26,0,11.95,AF,1600213460
427,Raseiniai,55.37,23.12,57.2,100,98,4.7,LT,1600213461
428,Sydney Mines,46.24,-60.22,53.01,76,75,8.05,CA,1600213462
429,Cotonou,6.37,2.42,73.4,94,20,2.24,BJ,1600213463
430,Coffs Harbour,-30.3,153.13,69.8,68,40,9.17,AU,1600213187
431,Aquiraz,-3.9,-38.39,78.8,78,45,14.99,BR,1600213466
432,Panguna,-6.32,155.48,71.01,97,100,3.02,PG,1600213467
433,Ngawi,-7.4,111.45,77.77,62,64,9.15,ID,1600213469
434,Kayes,14.0,-11.0,79.3,81,11,4.5,ML,1600213470
435,Akçaabat,41.02,39.57,75.2,78,40,6.04,TR,1600213472
436,Olafsvik,64.89,-23.71,46.04,71,100,16.51,IS,1600213473
437,Chalinze,-6.64,38.35,68.41,92,10,0.07,TZ,1600213474
438,Stornoway,58.21,-6.39,53.6,81,55,11.41,GB,1600213475
439,Datong,40.09,113.29,52.05,44,0,16.17,CN,1600213477
440,Beringovskiy,63.05,179.32,49.03,81,100,12.93,RU,1600213478
441,Poronaysk,49.22,143.12,59.79,87,100,1.9,RU,1600213480
442,Saint Anthony,45.02,-93.22,80.6,44,1,8.05,US,1600213481
443,Darnah,32.77,22.64,75.81,71,21,5.41,LY,1600213482
444,Dudinka,69.41,86.18,53.6,71,99,13.42,RU,1600213484
445,Bonthe,7.53,-12.51,76.68,89,100,4.72,SL,1600213485
446,Marawi,8.0,124.29,78.01,89,100,4.0,PH,1600213486
447,Coyhaique,-45.58,-72.07,41.0,56,20,2.24,CL,1600213381
448,Mathbaria,22.29,89.96,81.27,89,100,5.06,BD,1600213489
449,Vanavara,60.34,102.28,45.86,84,41,2.04,RU,1600213490
450,Batagay-Alyta,67.8,130.41,43.0,69,70,3.96,RU,1600213491
451,Bānāvar,13.41,76.17,68.34,88,62,5.91,IN,1600213493
452,Eyl,7.98,49.82,78.51,73,33,17.09,SO,1600213494
453,Pundaguitan,6.37,126.17,81.21,77,92,6.31,PH,1600213495
454,Lucapa,-8.42,20.74,68.68,79,28,1.03,AO,1600213497
455,Idenao,4.25,9.0,75.2,100,75,6.93,CM,1600213498
456,Yeppoon,-23.13,150.73,69.8,73,75,10.29,AU,1600213499
457,Puerto del Rosario,28.5,-13.86,77.0,69,100,14.99,ES,1600213500
458,Atbasar,51.8,68.33,46.63,74,30,19.08,KZ,1600213502
459,El Alto,-4.27,-81.21,61.84,88,42,15.28,PE,1600213503
460,Shitanjing,39.23,106.34,52.92,41,6,3.02,CN,1600213505
461,Hochstadt,49.25,8.21,70.0,71,45,4.0,DE,1600213506
462,Esperance,-33.87,121.9,57.2,87,40,14.99,AU,1600213507
463,Sanguéya,10.7,-14.37,74.84,95,100,2.39,GN,1600213508
464,Ridgecrest,35.62,-117.67,97.0,8,0,13.4,US,1600213416
465,Yantal',56.85,105.25,49.69,72,100,2.35,RU,1600213511
466,Zemio,5.03,25.14,68.67,96,100,3.09,CF,1600213512
467,Nioro,13.35,-15.75,77.11,91,80,5.68,GM,1600213513
468,Umm Kaddadah,13.6,26.69,86.2,46,13,13.6,SD,1600213515
469,Muhafazat Lahij,13.17,44.58,87.48,47,26,5.77,YE,1600213516
470,Novoagansk,61.94,76.66,47.28,86,30,11.07,RU,1600213517
471,Tabou,4.42,-7.35,75.0,88,72,9.44,CI,1600213518
472,Cooma,-36.23,149.13,59.0,30,13,11.41,AU,1600213520
473,Vila Velha,-20.33,-40.29,75.99,83,32,12.75,BR,1600213521
474,Rājula,21.05,71.43,77.83,86,81,5.75,IN,1600213522
475,Riyadh,24.69,46.72,84.2,25,0,7.54,SA,1600213253
476,Harrisonburg,38.45,-78.87,61.0,87,1,2.93,US,1600213480
477,Medvezh'yegorsk,62.92,34.47,41.41,93,19,3.58,RU,1600213526
478,Turukhansk,65.82,87.98,48.31,83,64,10.29,RU,1600213527
479,Arrondissement de Cahors,44.42,1.33,69.01,72,0,1.12,FR,1600213528
480,Nhulunbuy,-12.23,136.77,80.6,69,40,14.99,AU,1600213530
481,Monroe,43.15,-77.68,63.0,51,20,3.36,US,1600213476
482,Usinsk,65.99,57.53,41.09,94,71,4.63,RU,1600213532
483,Pisco,-13.7,-76.22,64.4,77,69,17.22,PE,1600213474
484,Starkville,33.45,-88.82,84.99,65,40,6.93,US,1600213534
485,Nanyuki,0.02,37.07,57.85,67,0,8.63,KE,1600213536
486,Mahibadhoo,3.78,72.97,82.29,77,100,8.25,MV,1600213537
487,Cap-aux-Meules,47.38,-61.86,51.8,66,75,10.29,CA,1600213532
488,Kathu,7.92,98.33,80.01,88,75,11.41,TH,1600213539
489,Lorengau,-2.02,147.27,85.26,72,99,11.16,PG,1600213541
490,Havre-St-Pierre,50.23,-63.6,44.6,81,1,16.11,CA,1600213542
491,Berlevåg,70.86,29.09,46.09,79,57,11.9,NO,1600213543
492,Qorveh,35.17,47.8,51.6,45,0,3.0,IR,1600213545
493,Plastun,44.76,136.29,61.81,89,100,2.77,RU,1600213546
494,Coos Bay,43.37,-124.22,79.0,73,20,12.75,US,1600213547
495,Coahuayana Viejo,18.73,-103.68,75.2,94,90,2.17,MX,1600213549
496,Hūn,29.13,15.95,74.7,57,9,9.71,LY,1600213550
497,Vao,-22.67,167.48,68.07,75,49,23.0,NC,1600213551
498,Maumere,-8.62,122.21,80.55,59,93,2.08,ID,1600213552
499,Vanimo,-2.67,141.3,85.48,62,53,6.44,PG,1600213554
500,Bawku,11.06,-0.24,77.59,82,59,7.02,GH,1600213555
501,Mwandiga,-4.83,29.66,71.6,73,8,3.15,TZ,1600213556
502,Nānākuli,21.39,-158.15,87.8,55,1,10.29,US,1600213558
503,Linköping,58.41,15.62,57.2,93,90,3.36,SE,1600213559
504,Narsaq,60.92,-46.05,48.2,57,100,2.24,GL,1600213296
505,Moussoro,13.64,16.49,83.64,59,14,6.38,TD,1600213561
506,Sosnovo-Ozerskoye,52.52,111.54,41.61,84,37,3.36,RU,1600213563
507,Emerald,-23.53,148.17,73.4,56,40,17.22,AU,1600213564
508,Tegul'det,57.31,88.17,47.44,92,75,6.08,RU,1600213565
509,Sohag,26.56,31.69,82.4,32,0,5.82,EG,1600213567
510,Abinsk,44.87,38.16,60.8,82,0,6.71,RU,1600213568
511,Astoria,46.19,-123.83,69.01,88,75,5.82,US,1600213569
512,Jasper,37.2,-94.35,82.4,48,40,8.05,US,1600213507
513,Saint-Leu,-21.15,55.28,66.2,59,40,9.17,RE,1600213572
514,Svetlaya,46.54,138.33,61.29,91,100,8.7,RU,1600213573
515,Osa,57.28,55.46,46.99,93,97,10.74,RU,1600213575
516,Evensk,61.95,159.23,49.53,55,76,1.81,RU,1600213576
517,Nemuro,43.32,145.57,65.26,82,100,14.34,JP,1600213578
518,Maxixe,-23.86,35.35,71.29,92,7,7.23,MZ,1600213579
519,Xunchang,28.45,104.72,67.66,96,100,1.14,CN,1600213580
520,Kieta,-6.22,155.63,78.78,80,100,5.14,PG,1600213582
521,Honningsvåg,70.98,25.97,47.44,79,78,11.39,NO,1600213583
522,Moerai,-22.43,-151.33,69.98,80,74,15.75,PF,1600213585
523,Paamiut,61.99,-49.67,45.18,76,100,23.4,GL,1600213586
524,Manggar,-2.88,108.27,81.01,79,67,10.85,ID,1600213587
525,Želiezovce,48.05,18.65,70.0,76,0,6.04,SK,1600213588
526,Ilām,26.92,87.92,77.0,94,75,1.12,NP,1600213590
527,Popondetta,-8.75,148.25,90.7,54,15,1.79,PG,1600213591
528,Codrington,-38.27,141.97,57.11,71,100,13.65,AU,1600213592
529,Remontnoye,46.56,43.65,59.0,51,0,11.18,RU,1600213594
530,Longyearbyen,78.22,15.64,32.0,94,75,2.24,SJ,1600213595
531,Chimbote,-9.09,-78.58,60.12,87,33,8.37,PE,1600213596
532,Margate,51.38,1.39,69.01,92,82,1.99,GB,1600213598
533,Şereflikoçhisar,38.94,33.54,64.02,49,0,9.08,TR,1600213599
534,Lusambo,-4.97,23.45,70.7,92,12,0.49,CD,1600213601
535,Yenagoa,4.92,6.26,74.55,93,100,4.79,NG,1600213602
536,Balkanabat,39.51,54.37,67.15,45,0,5.32,TM,1600213603
537,Pitimbu,-7.47,-34.81,75.2,88,12,9.17,BR,1600213535
538,Panama City,8.99,-79.52,84.2,74,40,5.82,PA,1600213556
539,Manta,-0.95,-80.73,77.0,83,75,8.05,EC,1600213607
540,Dongsheng,39.82,109.98,49.46,47,0,18.16,CN,1600213608
541,Vojka,44.94,20.15,68.0,60,0,6.93,RS,1600213610
542,Ascension,30.22,-90.9,82.4,74,40,10.29,US,1600213611
543,Saint-Michel-des-Saints,46.68,-73.92,43.47,94,99,5.7,CA,1600213612
544,Dargaville,-35.93,173.88,61.38,69,2,13.8,NZ,1600213614
545,Ust-Tsilma,65.44,52.15,46.74,93,94,9.26,RU,1600213615
546,Byron Bay,-28.65,153.62,68.0,82,12,5.82,AU,1600213616
547,Sydney,-33.87,151.21,71.01,64,1,6.93,AU,1600213616
548,Fes,34.04,-5.0,75.2,60,41,4.7,MA,1600213619
549,Nuevo Laredo,27.48,-99.52,86.0,58,75,11.41,MX,1600213620
550,Nsoko,-27.03,31.95,59.0,93,100,3.36,SZ,1600213622
551,Dhidhdhoo,6.88,73.1,81.93,78,100,12.73,MV,1600213623
552,Careiro da Várzea,-3.2,-59.81,84.2,74,98,3.36,BR,1600213624
553,Bālurghāt,25.22,88.77,77.83,95,100,4.61,IN,1600213626
554,Deputatsky,69.3,139.9,40.19,82,69,4.34,RU,1600213627
555,Mangalore,12.87,74.88,73.4,100,75,4.7,IN,1600213445
556,Mehamn,71.04,27.85,45.37,84,80,12.33,NO,1600213606
557,Llanes,43.42,-4.75,66.0,98,59,1.01,ES,1600213631
558,High Rock,26.62,-78.28,84.2,83,75,2.24,BS,1600213632
559,Kamen'-Rybolov,44.75,132.04,58.44,88,100,6.89,RU,1600213633
560,Pangody,65.85,74.49,48.24,83,98,10.92,RU,1600213635
561,La Santisima Trinidad,-14.83,-64.9,81.41,41,0,5.26,BO,1600213523
562,Bandar-e Lengeh,26.56,54.88,88.21,43,45,12.62,IR,1600213637
563,Angoche,-16.23,39.91,71.83,88,0,9.75,MZ,1600213639
564,Aksarka,66.56,67.8,45.66,92,97,6.38,RU,1600213640
565,Sabaudia,41.3,13.03,73.0,65,93,3.09,IT,1600213641
566,Ialibu,-6.28,143.99,64.69,86,85,3.62,PG,1600213643
567,Isangel,-19.55,169.27,75.2,69,75,9.17,VU,1600213644
